affiliation,citations
60029306,2151.0
60010851,2134.0
60000221,1829.0
60006622,1687.0
60019722,1660.0
60011604,1601.0
60031041,1574.0
112599856,1539.0
60027363,1523.0
60078563,1521.0
60023237,1306.0
60025278,1175.0
60111656,1052.0
60021391,1005.0
60001619,994.0
60019499,968.0
60022927,968.0
60023932,901.0
60020258,858.0
60031150,840.0
60005488,817.0
60006471,804.0
60020547,794.0
60033100,773.0
60027884,738.0
60003353,736.0
60006019,734.0
60011347,710.0
60031707,705.0
60029157,701.0
60103926,699.0
60028333,694.0
60025761,651.0
60004956,648.0
60104463,646.0
60027277,598.0
60071163,590.0
60013551,584.0
60022414,579.0
60007278,577.0
60002092,576.0
60002612,565.0
60017161,548.0
60029322,548.0
60030867,545.0
60020321,540.0
60025084,537.0
60021182,534.0
60109392,530.0
60022422,525.0
60087824,520.0
60005762,514.0
60008928,511.0
60013682,508.0
60026981,497.0
60087826,496.0
60002494,490.0
60000627,473.0
60002980,466.0
60010065,456.0
60020599,455.0
60021005,453.0
60082291,433.0
60020304,431.0
60016849,431.0
60026914,428.0
60031430,413.0
60014153,404.0
113071684,402.0
60104012,399.0
60014171,391.0
60018870,391.0
60015881,387.0
60120086,387.0
60025858,386.0
60000745,374.0
60032053,372.0
60007711,372.0
60013140,366.0
60026617,364.0
60103695,363.0
60021918,361.0
60017705,357.0
60069889,356.0
60019616,355.0
60189135,355.0
60013402,354.0
60025778,353.0
60059360,353.0
60026553,343.0
60022091,343.0
60105683,343.0
60010348,342.0
60084916,341.0
60000872,337.0
60015481,337.0
60004354,337.0
60002162,334.0
60073587,333.0
60017456,332.0
60019578,330.0
60004681,330.0
60031268,329.0
60018229,328.0
60272995,325.0
60272407,324.0
60030035,324.0
60172698,324.0
60022002,323.0
60016521,322.0
60013141,320.0
60004156,318.0
60081483,316.0
60025111,315.0
60002947,315.0
60004923,313.0
60015150,309.0
60003342,301.0
60023133,300.0
60030931,297.0
60123520,297.0
60019497,296.0
60016206,294.0
60023908,294.0
60064143,289.0
60010689,288.0
60007333,288.0
60014966,287.0
60014168,286.0
60027090,284.0
60019533,281.0
60006337,280.0
60020259,278.0
60029543,277.0
60025988,276.0
60031248,275.0
60013918,274.0
60105242,273.0
60009226,269.0
60089921,266.0
60001800,258.0
60015206,257.0
60103148,256.0
60010571,255.0
60102538,250.0
60020585,246.0
60071147,244.0
60013959,242.0
122308129,238.0
60027716,236.0
60014439,232.0
60010126,232.0
60026306,231.0
60008827,231.0
60007008,230.0
60009512,229.0
60014965,229.0
60027561,229.0
60068746,228.0
60001711,228.0
60077835,228.0
60107601,228.0
60003269,227.0
60026708,225.0
60028205,225.0
60008950,224.0
60005837,222.0
60025804,220.0
60033316,218.0
60119141,217.0
60002575,217.0
60107379,217.0
60012708,216.0
60031011,213.0
60113595,213.0
60071929,213.0
60003337,213.0
60077431,213.0
60011425,213.0
60105310,213.0
121824915,213.0
60024724,209.0
60009602,208.0
60117407,208.0
117819755,208.0
60009697,207.0
60104392,207.0
60031706,205.0
60118639,205.0
60019647,204.0
60014982,203.0
60029873,203.0
60005515,203.0
60019656,202.0
60273098,202.0
60001821,202.0
60018805,199.0
124614438,197.0
124614730,197.0
113843551,197.0
60026851,196.0
60031106,195.0
60021439,195.0
108214116,192.0
60020650,191.0
60231664,189.0
60011278,189.0
60024324,187.0
60117779,187.0
60006222,187.0
60025785,186.0
60014097,185.0
102029861,185.0
60004538,185.0
60032442,183.0
60046504,183.0
60002686,183.0
60105045,183.0
60032179,182.0
60018554,182.0
60022210,182.0
60005465,180.0
60006356,180.0
60082183,180.0
60024542,180.0
60021967,180.0
60009800,179.0
60028947,179.0
60001439,177.0
60029622,177.0
60031475,177.0
60029170,176.0
60001604,176.0
60000481,175.0
60024895,175.0
60001989,175.0
60071364,175.0
60021243,175.0
60022528,174.0
118823068,174.0
100419372,174.0
60009400,173.0
60031031,172.0
60007903,172.0
60028265,172.0
119760986,172.0
60011905,171.0
60012556,171.0
60096337,171.0
60004407,169.0
60029445,169.0
60108488,168.0
60007174,168.0
60013372,168.0
60018926,167.0
60015197,167.0
112580908,166.0
107911896,165.0
60031287,165.0
60002769,165.0
60003771,165.0
60025199,163.0
60000823,161.0
60011941,160.0
60031514,160.0
60012197,160.0
60021199,159.0
60000239,159.0
60083745,159.0
60119973,159.0
112659638,159.0
60002963,158.0
60121574,158.0
60032280,157.0
60021859,157.0
60018308,157.0
60073652,156.0
60032350,153.0
113489589,151.0
60071359,151.0
60007843,150.0
60007566,150.0
60022134,150.0
60006541,150.0
60111747,150.0
60108057,148.0
60030835,147.0
60000906,147.0
60021841,147.0
60021796,147.0
60002581,147.0
125651664,147.0
60108260,147.0
60007776,146.0
60272288,145.0
115178096,145.0
60008665,144.0
60026479,144.0
60018205,144.0
60022659,143.0
60029311,143.0
60013183,143.0
60015626,143.0
60024594,142.0
60176034,142.0
60175816,141.0
60017293,141.0
60102148,141.0
60025028,140.0
60090708,140.0
60020086,140.0
60006782,139.0
60180327,139.0
60029380,139.0
60006940,139.0
115317468,139.0
60028488,138.0
60117377,137.0
60004708,136.0
60009952,135.0
114949752,135.0
116275180,135.0
60015186,134.0
60027152,133.0
60016912,132.0
60023143,130.0
60028378,130.0
60013791,129.0
60026420,129.0
60071560,128.0
60073423,128.0
60026904,128.0
116075536,127.0
60111127,127.0
60005244,126.0
60030101,126.0
60121680,126.0
120877220,126.0
60004750,125.0
60001456,125.0
60016248,125.0
60032543,124.0
60009409,124.0
60028186,123.0
60012345,123.0
60104659,123.0
60122052,123.0
122410945,123.0
60000689,123.0
60009254,122.0
60009625,122.0
60023256,122.0
60008042,122.0
60009860,122.0
60030162,122.0
60019113,122.0
120951769,122.0
60110549,122.0
60007618,121.0
60024445,120.0
114661666,120.0
60031004,119.0
60003553,119.0
60192082,119.0
60011779,119.0
60005429,119.0
60014344,119.0
60021377,119.0
60011362,118.0
60272416,118.0
60018353,118.0
60268829,118.0
60000673,117.0
60032730,117.0
60032619,117.0
60012614,117.0
60110524,117.0
60115495,116.0
60117886,116.0
60006832,115.0
60106535,115.0
60025235,114.0
60033389,113.0
60001769,113.0
60019218,113.0
60068806,113.0
60018038,112.0
60118017,112.0
60023471,112.0
60012630,112.0
60021120,111.0
60017798,111.0
60068694,111.0
60021624,110.0
60026610,110.0
60001422,110.0
60022279,110.0
60016536,110.0
60008539,109.0
60027666,109.0
60022281,109.0
60002299,109.0
60104350,109.0
60089176,109.0
60023636,108.0
116154235,108.0
60032270,107.0
60007989,107.0
60020583,107.0
60089706,107.0
60029470,106.0
60011001,106.0
60073482,106.0
60031126,106.0
60118451,105.0
60103153,105.0
60018319,105.0
60008232,105.0
60114363,105.0
60001478,105.0
60085748,105.0
60027451,105.0
60025948,105.0
60118022,103.0
60003858,103.0
60097745,103.0
60000036,103.0
60030447,102.0
60024438,102.0
60007249,102.0
60002952,101.0
60008435,101.0
60030718,101.0
60107015,100.0
60239219,100.0
60273583,100.0
60227299,100.0
60021474,100.0
120532717,99.0
60025903,99.0
60073530,99.0
60012603,99.0
60071399,98.0
60071181,98.0
60105111,98.0
60011754,97.0
60085207,97.0
60103653,97.0
60211585,97.0
60031846,97.0
60020675,97.0
60009999,96.0
60032987,96.0
118017198,96.0
60028419,96.0
60017134,96.0
60010884,95.0
60008506,95.0
112649934,95.0
60031541,95.0
60031777,94.0
101908492,94.0
60028442,93.0
60003892,93.0
60032955,93.0
60273019,93.0
60024609,92.0
60002240,92.0
60008898,92.0
60010365,91.0
60104286,91.0
60022778,91.0
60025038,91.0
60025757,91.0
60006429,90.0
60033291,90.0
116370918,90.0
60111838,90.0
60115214,90.0
60032873,89.0
60003467,89.0
60027161,89.0
60001298,89.0
60019209,89.0
60007592,89.0
60016211,89.0
60106326,89.0
60027550,88.0
60007155,88.0
60106157,88.0
60020261,88.0
60003630,88.0
60006288,88.0
60073555,87.0
60025371,87.0
60012351,87.0
60028900,87.0
60077968,87.0
60029942,86.0
60029616,86.0
60018491,86.0
60025160,86.0
60017609,86.0
60016828,86.0
60104915,86.0
60029241,85.0
60012954,85.0
60006726,85.0
60021200,85.0
60006514,85.0
60004678,85.0
118921864,85.0
60071885,84.0
60071360,84.0
60005510,84.0
60000879,84.0
60104351,84.0
113151025,84.0
60106017,83.0
60002793,83.0
118734927,83.0
120258236,83.0
60029507,82.0
60004862,82.0
60002658,82.0
60003138,82.0
60071806,82.0
60029079,82.0
109491169,81.0
60017326,81.0
60020661,81.0
60019000,81.0
112692904,80.0
60008724,80.0
60014070,80.0
111295402,80.0
60109512,79.0
60030270,79.0
60122521,79.0
60011373,78.0
60000712,78.0
60032203,78.0
60106033,78.0
60138498,78.0
60071395,78.0
60103525,78.0
60003977,77.0
60117839,77.0
60138680,77.0
60015780,77.0
60104341,77.0
60021255,77.0
60007215,76.0
60102125,76.0
60017311,76.0
60013623,76.0
60017521,76.0
60014347,76.0
60075693,75.0
60104290,75.0
60031818,75.0
60024690,75.0
60021121,75.0
60018844,75.0
60002128,75.0
60106641,75.0
60105048,75.0
107005019,75.0
120811748,75.0
60017962,75.0
60025063,74.0
60026320,74.0
60012035,74.0
60005286,74.0
60028630,74.0
60020432,74.0
123606985,74.0
60087393,73.0
60027546,73.0
60032389,73.0
122513332,73.0
60006191,73.0
60113557,73.0
60187514,73.0
112425871,73.0
60028891,72.0
60012729,72.0
60030074,72.0
60104653,72.0
60017803,72.0
60031155,72.0
60029040,72.0
60005273,71.0
60033284,71.0
60127212,71.0
60010614,71.0
60004789,71.0
119729880,71.0
122937623,71.0
60033358,71.0
60104814,71.0
112934567,71.0
60069722,71.0
60088580,71.0
60027800,70.0
60030318,70.0
60006723,70.0
60001576,70.0
60117630,70.0
60022676,70.0
60003146,70.0
114071445,70.0
114302656,70.0
60028629,69.0
60000142,69.0
60025641,69.0
60029570,69.0
60027282,69.0
60116965,69.0
60020195,69.0
60004179,69.0
101297110,69.0
60018208,68.0
60032205,68.0
60105689,68.0
107392848,68.0
60000060,68.0
60023478,67.0
60023380,67.0
60003640,67.0
60015356,67.0
60001701,67.0
120477281,67.0
60005027,67.0
119217908,67.0
115508967,67.0
60023955,67.0
124476575,67.0
60000964,66.0
60017482,66.0
60023208,66.0
60029526,66.0
60019683,66.0
60012704,66.0
60071768,66.0
114960647,66.0
60274761,66.0
60170293,66.0
60023610,65.0
60024266,65.0
60000891,65.0
122256399,65.0
60027649,65.0
60012659,65.0
60071189,65.0
118034193,65.0
60025225,65.0
120181346,65.0
60046703,65.0
60072749,65.0
126418222,65.0
60010421,65.0
60026737,65.0
60089631,65.0
60013435,64.0
60027294,64.0
60004505,64.0
60025152,64.0
60103891,64.0
60007253,64.0
60008088,63.0
60002306,63.0
60016777,63.0
60011997,63.0
60021763,63.0
60007363,63.0
60104763,63.0
60012306,63.0
60212763,63.0
60007652,63.0
60012293,62.0
115303969,62.0
60118617,62.0
60073726,62.0
60001881,62.0
60015815,62.0
60032922,62.0
60013866,62.0
60138704,62.0
60009164,61.0
60004424,61.0
60010060,61.0
112918600,61.0
60003662,60.0
60022229,60.0
60027821,60.0
60007004,60.0
114268509,60.0
60022109,60.0
60009246,60.0
60071894,60.0
60010146,60.0
60078524,60.0
60028218,60.0
60003122,59.0
60027863,59.0
60071676,59.0
60016437,59.0
60000635,59.0
60006683,59.0
60106335,59.0
113152505,59.0
60016238,59.0
60121458,58.0
60001018,58.0
60073475,58.0
60003666,58.0
60016318,58.0
60003078,58.0
120017526,58.0
120948060,58.0
60093578,58.0
118510949,58.0
60008592,57.0
60031828,57.0
125880175,57.0
125879922,57.0
125879782,57.0
125879798,57.0
60108691,57.0
60231617,57.0
60017606,57.0
60273094,57.0
60000990,57.0
60002105,57.0
60023654,57.0
122406867,57.0
60130028,56.0
60004003,56.0
60102081,56.0
60159605,56.0
60013789,56.0
120501772,56.0
60025756,56.0
60011832,55.0
60109519,55.0
60006164,55.0
60026710,55.0
60011019,55.0
60022461,55.0
60008611,55.0
60012873,55.0
60009160,55.0
60025153,55.0
60257059,55.0
60016077,55.0
60018537,55.0
60112807,55.0
60030274,55.0
60016053,55.0
60001873,54.0
60118019,54.0
60026263,54.0
60031806,54.0
60017605,54.0
60008332,54.0
60003634,54.0
60277287,54.0
60007966,53.0
60118763,53.0
60118800,53.0
60012070,53.0
60008988,53.0
60103673,53.0
60025837,53.0
60013983,53.0
60020167,53.0
60076774,53.0
60024234,53.0
125122426,53.0
112569779,53.0
60013361,53.0
112979721,53.0
60003868,53.0
60017750,53.0
60029503,53.0
60015574,52.0
60015157,52.0
60032624,52.0
60097223,52.0
60000937,52.0
60109296,52.0
60017672,52.0
60002999,52.0
105799758,52.0
60077530,52.0
117380199,52.0
60004967,51.0
60015003,51.0
60118890,51.0
60014304,51.0
60030840,51.0
60117660,51.0
60003427,51.0
60025709,51.0
60001002,51.0
60020623,51.0
60104665,51.0
60031100,51.0
60028876,51.0
60106884,51.0
60008708,51.0
60013609,51.0
60008523,50.0
60083498,50.0
60005816,50.0
60088076,50.0
60112576,50.0
60009559,50.0
60000174,49.0
60004935,49.0
60016818,49.0
120979981,49.0
60112104,49.0
60112239,49.0
60123663,49.0
117986866,49.0
113245005,49.0
60112046,49.0
60005949,49.0
60020345,49.0
60103558,49.0
60027072,49.0
60029709,49.0
60029276,49.0
60026515,49.0
60029999,49.0
113459816,49.0
60069551,49.0
60021984,49.0
60069713,49.0
112701837,49.0
120452666,49.0
60109517,49.0
60004518,48.0
60006407,48.0
106740951,48.0
115827858,48.0
113887549,48.0
60012464,48.0
60084813,48.0
60189790,48.0
60071357,48.0
60004630,48.0
60018476,48.0
60030482,47.0
60001529,47.0
60025345,47.0
60072035,47.0
60016930,47.0
60030807,47.0
60027245,47.0
60014313,47.0
60026134,47.0
60078212,47.0
60004206,47.0
60130032,47.0
60134300,47.0
60006508,46.0
60027509,46.0
116873729,46.0
60027136,46.0
60078684,46.0
60072294,46.0
60021327,46.0
60073691,46.0
60195520,46.0
100351227,46.0
112854741,46.0
60001886,46.0
60068709,46.0
60007061,45.0
60000305,45.0
60001526,45.0
60014930,45.0
60004305,45.0
60006028,45.0
60022403,45.0
60002033,45.0
60026846,45.0
60276610,45.0
60018391,45.0
60068865,45.0
60030452,45.0
123894878,45.0
60018465,45.0
60003030,45.0
123822438,45.0
118430796,45.0
115973241,45.0
116342209,45.0
123125641,45.0
121389635,45.0
112983778,45.0
60087828,45.0
60018373,45.0
60072796,44.0
100328762,44.0
60001742,44.0
60017574,44.0
60118739,44.0
60015179,44.0
60003212,44.0
60022415,44.0
60111496,44.0
60211381,44.0
60073580,44.0
124425320,44.0
60005879,44.0
60024350,44.0
125298716,44.0
115867192,44.0
60082966,43.0
60118503,43.0
60018592,43.0
60025408,43.0
60013494,43.0
60005232,43.0
101345397,43.0
60010414,43.0
60003970,43.0
60117826,43.0
60018405,43.0
60012835,43.0
60022995,43.0
60077274,43.0
60014475,43.0
60005201,43.0
60109890,43.0
60032781,42.0
60008134,42.0
60001384,42.0
60087459,42.0
60003675,42.0
60013805,42.0
60089170,42.0
60001338,42.0
60002896,42.0
60016850,42.0
60120081,42.0
60008916,42.0
118680983,41.0
118681673,41.0
60016939,41.0
60022684,41.0
60022367,41.0
60020318,41.0
60106841,41.0
60108450,41.0
60011931,41.0
121521083,41.0
106728809,41.0
60006328,41.0
60002418,41.0
119523030,41.0
60002345,41.0
60025254,41.0
60130022,41.0
60073738,41.0
106772582,41.0
60124556,41.0
112922843,41.0
60024045,41.0
60033420,41.0
60015913,40.0
60019702,40.0
60022149,40.0
60109946,40.0
101226917,40.0
60077557,40.0
107138256,40.0
60000717,39.0
60025272,39.0
60104946,39.0
60005322,39.0
60012967,39.0
60082196,39.0
60009506,39.0
60027682,39.0
60024322,39.0
60005141,39.0
60032422,39.0
60019870,39.0
60075937,39.0
60116094,39.0
60024779,39.0
60105942,39.0
60035240,39.0
60030657,39.0
60017697,39.0
60023748,39.0
60106481,39.0
60274976,39.0
60000317,39.0
118323270,39.0
60070321,39.0
113228397,39.0
60123279,39.0
110915031,39.0
60103279,38.0
60006951,38.0
60111768,38.0
60024989,38.0
60010105,38.0
60105909,38.0
60204345,38.0
60031624,38.0
60004261,38.0
60017246,38.0
60017236,38.0
60009635,38.0
60014907,38.0
60009387,37.0
60070356,37.0
60072882,37.0
60071612,37.0
60008783,37.0
60021836,37.0
60022028,37.0
60023578,37.0
112099303,37.0
125028694,37.0
60088257,37.0
60001563,37.0
60023760,37.0
60018034,37.0
121939837,37.0
60114900,37.0
60011268,37.0
60086004,37.0
60006106,37.0
60020919,37.0
123795090,37.0
60009477,37.0
116536314,37.0
105557632,37.0
60120582,36.0
60016087,36.0
60007029,36.0
60022148,36.0
115410276,36.0
60022193,36.0
123689035,36.0
60017060,36.0
60088462,36.0
122814118,36.0
60025665,36.0
60028009,36.0
120436384,36.0
60016011,36.0
60004182,36.0
60007751,35.0
60121523,35.0
60003500,35.0
60105153,35.0
60108626,35.0
60020486,35.0
60103970,35.0
60027576,35.0
60007886,35.0
113335070,35.0
60035301,35.0
60070798,35.0
60113227,35.0
122712513,35.0
60001248,34.0
60104681,34.0
60108755,34.0
100379880,34.0
60031135,34.0
60011664,34.0
60085823,34.0
60000840,34.0
113654989,34.0
60098179,34.0
118580581,34.0
60014402,34.0
60003003,34.0
60003915,34.0
60159895,34.0
60272386,34.0
60102083,34.0
60020484,34.0
60105225,34.0
118424037,34.0
60108100,34.0
60026990,34.0
119085479,34.0
60027272,34.0
60001987,33.0
60002836,33.0
60033021,33.0
60000497,33.0
60015300,33.0
60075811,33.0
105907025,33.0
60024125,33.0
101967177,33.0
60031003,33.0
60025577,33.0
60112889,33.0
60013614,33.0
60012022,33.0
60012291,33.0
60017867,33.0
112224719,33.0
60031482,32.0
60016933,32.0
60012694,32.0
60015875,32.0
60068688,32.0
109703374,32.0
60017997,32.0
60111732,32.0
60002014,32.0
60029194,32.0
60002488,32.0
60210089,32.0
60031209,32.0
120896997,32.0
60083270,32.0
60106051,32.0
60071834,32.0
117674540,32.0
60005686,32.0
60117841,32.0
60010104,32.0
60019471,32.0
60027856,32.0
100477435,32.0
114784740,32.0
60103561,32.0
60089339,32.0
119850080,32.0
121066915,32.0
60027646,31.0
60078111,31.0
60016590,31.0
122474131,31.0
60015466,31.0
60008221,31.0
60029747,31.0
60009914,31.0
60099073,31.0
60000762,31.0
123665461,31.0
60015407,31.0
112930027,31.0
119074750,31.0
60029457,31.0
125561728,31.0
60187486,31.0
60138276,31.0
125295547,31.0
60102471,31.0
60023075,31.0
60007801,31.0
60087286,31.0
109526389,31.0
60072320,30.0
60021285,30.0
60109868,30.0
60023998,30.0
112108112,30.0
60006793,30.0
60105799,30.0
60018123,30.0
60010110,30.0
60068705,30.0
60085173,30.0
60027844,30.0
119761032,30.0
60080064,30.0
60021227,30.0
60274346,30.0
60018789,30.0
60071452,30.0
60070791,30.0
60224974,30.0
60012007,30.0
60031419,30.0
60008721,30.0
60011883,30.0
115289555,30.0
121513491,30.0
60048669,30.0
120707961,30.0
60011324,29.0
60103368,29.0
112910584,29.0
123993870,29.0
60024872,29.0
60031330,29.0
60020059,29.0
60005813,29.0
60078566,29.0
60032256,29.0
60093785,29.0
60023643,29.0
60111712,29.0
60005096,29.0
60027315,29.0
60025301,29.0
60042595,29.0
60017383,29.0
60001166,29.0
60023005,29.0
118483014,29.0
60005803,29.0
60018273,29.0
60115252,29.0
110006141,29.0
60004680,29.0
60068750,29.0
123988556,29.0
117551310,29.0
60110514,29.0
60008524,29.0
60107554,29.0
121063491,29.0
60001278,29.0
60032330,29.0
60268364,29.0
60007525,29.0
60028426,28.0
60092860,28.0
60027012,28.0
60000521,28.0
60016809,28.0
100320134,28.0
101735963,28.0
60074033,28.0
60013268,28.0
115296764,28.0
60015331,28.0
60002442,28.0
113748820,28.0
60112043,28.0
60107602,28.0
60013575,28.0
60015016,28.0
60117574,28.0
60014318,28.0
60116800,28.0
126157968,28.0
100352662,28.0
60010545,28.0
60118236,28.0
125286183,28.0
60018363,28.0
60083109,28.0
60005603,28.0
60069717,28.0
60024758,28.0
120720542,28.0
60028897,27.0
60011484,27.0
105995534,27.0
60011476,27.0
60141090,27.0
125884661,27.0
122697345,27.0
126278763,27.0
60024427,27.0
60102426,27.0
60159938,27.0
60108579,27.0
126545403,27.0
60000061,27.0
60070813,27.0
106034068,27.0
60195987,27.0
114299218,27.0
60055012,27.0
60071600,27.0
60025506,27.0
60024260,27.0
118764690,27.0
60028761,27.0
60003059,27.0
60014466,27.0
60021747,27.0
60069827,27.0
60008562,27.0
60031536,27.0
60087200,27.0
60007381,26.0
60009037,26.0
60001643,26.0
60033545,26.0
122105784,26.0
60015900,26.0
60118475,26.0
112368871,26.0
60030804,26.0
125225454,26.0
60025578,26.0
60008293,26.0
60073518,26.0
60073600,26.0
60163091,26.0
105940751,26.0
60031214,26.0
60072185,26.0
124998928,26.0
60020990,26.0
100529723,26.0
125303485,26.0
123617431,26.0
115476365,26.0
60121521,26.0
112991031,26.0
60032607,26.0
60010206,26.0
113654644,26.0
60069407,26.0
118342618,26.0
120075175,26.0
60088081,25.0
60003028,25.0
60011047,25.0
60028174,25.0
60009780,25.0
60073496,25.0
60138504,25.0
118899919,25.0
60001490,25.0
60020458,25.0
126777607,25.0
60101860,25.0
114434004,25.0
60108229,25.0
60014497,25.0
60003988,25.0
60073613,25.0
60022522,25.0
113091620,25.0
60071205,25.0
60015986,24.0
60013071,24.0
60068761,24.0
60271961,24.0
60072570,24.0
60013925,24.0
60012296,24.0
60012937,24.0
60002222,24.0
60004969,24.0
113705008,24.0
60015047,24.0
100753814,24.0
60030838,24.0
60012259,24.0
60018163,24.0
60022417,24.0
60009839,24.0
100371807,24.0
60092364,24.0
116244735,24.0
117736477,24.0
118682955,24.0
121343784,24.0
108558335,24.0
60014264,24.0
122120586,24.0
60017880,24.0
112490023,24.0
115736522,24.0
127433568,24.0
60117455,24.0
60165536,24.0
60091119,24.0
125732557,24.0
60069817,24.0
60138493,24.0
117136529,24.0
107931293,24.0
60018089,24.0
122442651,24.0
119750820,24.0
60007902,24.0
60106385,23.0
60008124,23.0
60104850,23.0
60014397,23.0
60022772,23.0
60033019,23.0
60007183,23.0
113064679,23.0
60071386,23.0
60021501,23.0
60050715,23.0
60023439,23.0
60007049,23.0
114293266,23.0
60017080,23.0
60204083,23.0
122308122,23.0
60010618,23.0
60028037,23.0
60117634,23.0
60032083,23.0
60009343,23.0
60008279,22.0
60033154,22.0
60021944,22.0
114081494,22.0
60027652,22.0
60003650,22.0
60019141,22.0
60073621,22.0
60079205,22.0
60007493,22.0
100467757,22.0
116692539,22.0
60013853,22.0
60023520,22.0
60141119,22.0
60017776,22.0
60077474,22.0
60015432,22.0
60030788,22.0
60021988,22.0
60002644,22.0
101339781,22.0
60115307,22.0
60102437,22.0
60117116,22.0
60074283,22.0
60011149,22.0
125513514,22.0
60020861,22.0
109701236,22.0
120457942,22.0
124542983,22.0
60170225,22.0
100333534,22.0
60030373,22.0
60089290,22.0
60022265,22.0
60040326,22.0
60091626,22.0
60064746,22.0
60109046,22.0
60106665,22.0
110106260,22.0
60022457,22.0
60071884,21.0
60011520,21.0
60000509,21.0
60014662,21.0
101789848,21.0
60008009,21.0
60032890,21.0
60016280,21.0
106966547,21.0
120029143,21.0
109639690,21.0
60032751,21.0
118167911,21.0
60007774,21.0
60071790,21.0
60030988,21.0
60074308,21.0
60020825,21.0
100572863,21.0
60002004,21.0
122929078,21.0
123724631,21.0
60020390,21.0
121339036,21.0
60009652,21.0
60117400,20.0
60019523,20.0
125139271,20.0
60011105,20.0
115064198,20.0
60012879,20.0
121926097,20.0
60003230,20.0
60030922,20.0
60029159,20.0
60078723,20.0
60013756,20.0
60030939,20.0
60088079,20.0
60002151,20.0
126394848,20.0
125391649,20.0
60015487,20.0
60002210,20.0
113993193,20.0
122849834,20.0
60009951,20.0
60026881,20.0
60026175,20.0
60040278,20.0
126218431,20.0
60025383,20.0
60070851,20.0
60077951,20.0
125613197,20.0
60072054,20.0
101833800,20.0
60021318,20.0
60076198,20.0
116979751,20.0
60023813,20.0
121926206,20.0
106408904,20.0
60001187,20.0
123659454,20.0
60028010,20.0
117566699,20.0
60005455,19.0
60010580,19.0
60080941,19.0
60013610,19.0
60029216,19.0
60008926,19.0
60008734,19.0
60029251,19.0
60025534,19.0
60019674,19.0
60017841,19.0
60011739,19.0
60007714,19.0
60019816,19.0
60026860,19.0
60024492,19.0
60030114,19.0
60123278,19.0
60092190,19.0
129416245,19.0
120258272,19.0
125139292,19.0
60000414,19.0
60004366,19.0
124538818,19.0
60110970,19.0
126200928,19.0
60209646,19.0
60112930,19.0
125637644,19.0
60108670,19.0
60032269,19.0
101885083,19.0
60105213,19.0
60014256,19.0
116366135,19.0
100679959,19.0
60003725,19.0
60031210,19.0
117493658,19.0
107039007,19.0
60068774,19.0
112593200,19.0
60118456,18.0
60119025,18.0
60026125,18.0
60016529,18.0
60021331,18.0
124007664,18.0
60023589,18.0
60026626,18.0
60024063,18.0
60010537,18.0
60025875,18.0
60199493,18.0
124174179,18.0
100563406,18.0
60007624,18.0
109402692,18.0
60014170,18.0
60002833,18.0
60000163,18.0
115744639,18.0
127682237,18.0
60079446,18.0
125993757,18.0
60031566,18.0
113221366,18.0
122681878,18.0
60274277,18.0
60007948,18.0
60218492,18.0
60105841,18.0
126647593,18.0
60081492,17.0
60068586,17.0
60120074,17.0
60026688,17.0
60020251,17.0
60030551,17.0
60029190,17.0
122663657,17.0
60017806,17.0
60014237,17.0
60274625,17.0
60000514,17.0
60000958,17.0
60013346,17.0
60023539,17.0
60007798,17.0
60017536,17.0
60017915,17.0
112575961,17.0
60022218,17.0
60073585,17.0
101534033,17.0
123534837,17.0
125225303,17.0
60072429,17.0
109437534,17.0
60110814,17.0
60116157,17.0
60000126,17.0
60011648,17.0
60100533,17.0
60000237,17.0
60082938,17.0
60273830,17.0
127069960,17.0
60273024,17.0
60015590,17.0
60134870,17.0
60021260,17.0
101546915,17.0
122160624,17.0
60025797,17.0
122389074,17.0
60029546,17.0
60000874,16.0
60018939,16.0
60014129,16.0
60002208,16.0
60026651,16.0
60271570,16.0
123453364,16.0
123162303,16.0
60011685,16.0
60004582,16.0
60108226,16.0
60004760,16.0
60216191,16.0
120884483,16.0
60073672,16.0
60111356,16.0
60020139,16.0
60103346,16.0
60264738,16.0
60069362,16.0
60028599,16.0
60028311,16.0
100518295,16.0
60029146,16.0
60019713,16.0
60030819,16.0
60021134,16.0
100509257,16.0
100580789,16.0
122388618,16.0
60030434,16.0
60051184,16.0
60273104,16.0
118642749,16.0
60016253,16.0
60000018,16.0
127075399,16.0
60015943,16.0
60013094,16.0
101433579,16.0
116363100,16.0
60113178,16.0
60001558,16.0
60072090,16.0
60027708,16.0
60171626,16.0
114713358,16.0
125595234,16.0
60276923,16.0
125591363,16.0
60273280,16.0
60012271,16.0
60121871,16.0
117724065,16.0
60273133,16.0
60020273,16.0
115332072,16.0
60010080,16.0
101420514,16.0
60002722,16.0
60031892,15.0
60020828,15.0
60072820,15.0
60027428,15.0
113264212,15.0
60026796,15.0
113137443,15.0
60006393,15.0
60006672,15.0
113459127,15.0
60020633,15.0
60138967,15.0
60006502,15.0
60020444,15.0
60009509,15.0
60094200,15.0
60023018,15.0
60014198,15.0
126973768,15.0
124998648,15.0
123985275,15.0
115211558,15.0
112965639,15.0
60121765,15.0
60004954,15.0
60010281,15.0
60023004,15.0
60112834,15.0
60075699,15.0
60003105,15.0
60176271,15.0
60067073,15.0
120310961,15.0
120310869,15.0
60014519,15.0
100465034,15.0
115542150,15.0
60032653,15.0
123395290,15.0
60009669,15.0
60032158,15.0
60104532,15.0
126553912,15.0
60103626,15.0
60007087,15.0
60118622,15.0
60011944,15.0
60010940,15.0
113162265,15.0
60025441,15.0
60019076,15.0
100582814,15.0
60092832,15.0
60028458,15.0
125194140,15.0
60109640,14.0
60018179,14.0
60075923,14.0
60010372,14.0
60028351,14.0
60106695,14.0
60107287,14.0
60072061,14.0
60032907,14.0
60110375,14.0
60014652,14.0
60016005,14.0
60109427,14.0
100318879,14.0
107894864,14.0
60084823,14.0
60271690,14.0
60004591,14.0
126150164,14.0
60021545,14.0
60032499,14.0
60010037,14.0
60073386,14.0
60078640,14.0
60023588,14.0
118248071,14.0
60112778,14.0
60071655,14.0
127431141,14.0
60031991,14.0
60030245,14.0
60015024,14.0
60018466,14.0
60069743,14.0
60103917,14.0
60000457,14.0
60033391,14.0
119695829,14.0
126760001,14.0
109724636,14.0
60274628,14.0
123532239,14.0
60007772,14.0
117974871,14.0
60006294,14.0
60031719,14.0
60019762,14.0
120305552,14.0
60008781,14.0
60005059,14.0
100939049,14.0
122506642,14.0
60104334,14.0
112749263,14.0
60010265,14.0
108256108,14.0
60091245,14.0
60013990,14.0
60110341,14.0
60007901,14.0
60218075,14.0
60070928,14.0
60070933,14.0
60103048,13.0
60098861,13.0
60006173,13.0
60021902,13.0
60003615,13.0
60011418,13.0
60026227,13.0
116497365,13.0
60138441,13.0
119853505,13.0
60105947,13.0
126924806,13.0
114606177,13.0
126924177,13.0
126924171,13.0
126256333,13.0
60072176,13.0
60030241,13.0
60019342,13.0
60118545,13.0
126412682,13.0
60015457,13.0
106537778,13.0
60017716,13.0
123356540,13.0
60025881,13.0
60003404,13.0
60031261,13.0
60123045,13.0
121335177,13.0
115385861,13.0
120315973,13.0
124394881,13.0
125049129,13.0
112736621,13.0
60021781,13.0
60071276,13.0
60089324,13.0
60225365,13.0
60103748,13.0
60023532,13.0
128763598,13.0
60071334,13.0
60019311,13.0
60044065,13.0
60051534,13.0
60078545,13.0
60273109,13.0
112580458,13.0
112926731,13.0
60109828,13.0
60224514,13.0
116853566,13.0
60025173,13.0
60013715,13.0
60068815,13.0
101635272,13.0
60010799,13.0
60002786,13.0
115209370,13.0
60022381,13.0
60019943,13.0
60011774,13.0
60019106,13.0
60123659,13.0
114190321,13.0
60107436,12.0
60176019,12.0
60272621,12.0
106598975,12.0
60027100,12.0
60015438,12.0
60021850,12.0
60027407,12.0
101642278,12.0
60011054,12.0
60072540,12.0
60016754,12.0
60069393,12.0
114325714,12.0
100317020,12.0
60070314,12.0
60102124,12.0
60003315,12.0
125081882,12.0
60104363,12.0
60159424,12.0
120311227,12.0
60010294,12.0
60015543,12.0
60022729,12.0
60031569,12.0
60025315,12.0
60001323,12.0
60072651,12.0
118323370,12.0
108268720,12.0
60031195,12.0
116199386,12.0
113113784,12.0
122272277,12.0
60095380,12.0
125879952,12.0
100461884,12.0
101798270,12.0
60268476,12.0
112596213,12.0
60110245,12.0
112608185,12.0
100738664,12.0
60016147,12.0
123102148,12.0
60004903,12.0
60014309,12.0
60109781,12.0
123825011,12.0
60071877,12.0
127261045,12.0
60006925,11.0
60004840,11.0
60003295,11.0
60032954,11.0
60103615,11.0
60115722,11.0
60108496,11.0
60013373,11.0
60004391,11.0
60069391,11.0
60028190,11.0
60029645,11.0
60003707,11.0
60103630,11.0
60031226,11.0
60004718,11.0
60016458,11.0
60022144,11.0
60086314,11.0
60033476,11.0
60107757,11.0
60006627,11.0
60118182,11.0
60026852,11.0
108958389,11.0
60009264,11.0
60032309,11.0
60010008,11.0
60009439,11.0
112774005,11.0
60024124,11.0
125335874,11.0
113416102,11.0
113928635,11.0
60022706,11.0
60113671,11.0
60028868,11.0
60021843,11.0
126142130,11.0
60007457,11.0
126636658,11.0
60024825,11.0
126654751,11.0
109652358,11.0
117551518,11.0
60073696,11.0
100326248,11.0
60004176,11.0
60104504,11.0
60045588,11.0
60112094,11.0
124782267,11.0
60000729,11.0
113659823,11.0
60017442,11.0
60018268,11.0
126359501,11.0
127147372,11.0
60056249,10.0
60114887,10.0
60114888,10.0
60023382,10.0
60092858,10.0
60108756,10.0
60011846,10.0
60028608,10.0
60015138,10.0
60075230,10.0
124999097,10.0
60030469,10.0
60019599,10.0
123693725,10.0
125417088,10.0
100801411,10.0
125895966,10.0
119027789,10.0
60013717,10.0
116026049,10.0
60006589,10.0
127008422,10.0
60015758,10.0
60019160,10.0
121349281,10.0
118507863,10.0
121156779,10.0
60003687,10.0
60227313,10.0
60275416,10.0
112711002,10.0
60051492,10.0
117226145,10.0
127570108,10.0
60104394,10.0
118580464,10.0
60010339,10.0
60082726,10.0
127587066,10.0
105197823,10.0
60172561,10.0
100992273,10.0
113806341,10.0
123242283,10.0
127417037,10.0
60114052,10.0
60015990,10.0
60011031,10.0
121400240,10.0
60103616,10.0
60049819,10.0
60087170,10.0
100345588,10.0
126190244,10.0
60121383,10.0
116154800,10.0
123658269,10.0
60033473,10.0
60069550,10.0
60031092,10.0
106298868,10.0
60009408,10.0
60094949,10.0
60121121,10.0
60107381,10.0
60020764,10.0
60019983,10.0
60118243,10.0
124679444,10.0
105799717,10.0
60104569,10.0
114513030,10.0
60121711,10.0
60103916,10.0
60012771,10.0
60000984,10.0
60077687,10.0
60030012,10.0
108277089,10.0
60013024,10.0
60032909,10.0
106380045,10.0
60019611,10.0
60026830,10.0
60007438,10.0
126256159,10.0
60239261,9.0
60016341,9.0
124526936,9.0
60026548,9.0
127030775,9.0
127030151,9.0
127030604,9.0
127030786,9.0
60032297,9.0
60030522,9.0
60020739,9.0
123373449,9.0
60003029,9.0
60028628,9.0
60078565,9.0
60029498,9.0
60072094,9.0
60103731,9.0
60030822,9.0
60025958,9.0
60113873,9.0
60092370,9.0
60029114,9.0
60099375,9.0
60117771,9.0
60011576,9.0
60105475,9.0
124307804,9.0
60026777,9.0
125014192,9.0
60001429,9.0
60016146,9.0
60073335,9.0
60030514,9.0
60025758,9.0
60077807,9.0
60003937,9.0
60010806,9.0
60072902,9.0
60029681,9.0
112615933,9.0
60072772,9.0
60019332,9.0
60117792,9.0
60071043,9.0
60005193,9.0
124573427,9.0
60003766,9.0
126587401,9.0
60007762,9.0
60268374,9.0
60194550,9.0
60194685,9.0
60018279,9.0
118531605,9.0
60172562,9.0
60103823,9.0
60032480,9.0
60105029,9.0
127353941,9.0
122396811,9.0
60016969,9.0
60119342,9.0
60268245,9.0
60019984,9.0
125055470,9.0
125811224,9.0
125811898,9.0
60020822,9.0
124242772,9.0
60027392,9.0
125994076,9.0
125701484,9.0
60104134,9.0
60014611,9.0
60024784,9.0
60005522,9.0
124173691,9.0
60073723,9.0
112818295,9.0
60029925,9.0
125688447,9.0
60104896,9.0
60000302,9.0
113516868,9.0
60028770,9.0
60028993,9.0
60019118,9.0
60121826,9.0
60116630,9.0
60109394,9.0
121028665,8.0
60010330,8.0
60010910,8.0
60107427,8.0
60074952,8.0
60028847,8.0
60002483,8.0
100693696,8.0
112397863,8.0
105215527,8.0
60112029,8.0
113535474,8.0
60103801,8.0
60117067,8.0
60108771,8.0
60032587,8.0
60080184,8.0
60002392,8.0
60025939,8.0
60017404,8.0
60027257,8.0
60013119,8.0
60022605,8.0
60001455,8.0
60103652,8.0
125225747,8.0
60084539,8.0
60026117,8.0
60262999,8.0
60271717,8.0
60122419,8.0
60021311,8.0
60031612,8.0
123419493,8.0
60030612,8.0
122647450,8.0
60028548,8.0
106965884,8.0
60003321,8.0
60011252,8.0
60072939,8.0
60023312,8.0
60024103,8.0
60021738,8.0
100527708,8.0
60026470,8.0
60000765,8.0
60014598,8.0
60121494,8.0
112885492,8.0
60071494,8.0
100471733,8.0
60020384,8.0
126702914,8.0
60023571,8.0
60089366,8.0
60105050,8.0
60004606,8.0
126186907,8.0
60018003,8.0
100397190,8.0
60102070,8.0
112910326,8.0
60071113,8.0
60112572,8.0
60269753,8.0
60094242,8.0
115787563,8.0
60108239,8.0
60236020,8.0
60007015,8.0
120517909,8.0
123994726,8.0
60019215,8.0
60017592,8.0
115481079,8.0
60028229,8.0
60081947,8.0
60031288,8.0
60023745,8.0
60110412,8.0
118149895,8.0
60030496,8.0
118153825,8.0
121328126,8.0
115922780,8.0
112930778,8.0
113801805,8.0
113056457,8.0
60090642,8.0
60001974,8.0
127836090,8.0
60003156,8.0
123929319,8.0
60016060,8.0
60009507,7.0
60018457,7.0
60029274,7.0
60120232,7.0
123934194,7.0
121790886,7.0
100913790,7.0
60016983,7.0
60026145,7.0
60000583,7.0
60102031,7.0
60033011,7.0
60111708,7.0
119813444,7.0
120161376,7.0
60011423,7.0
60087832,7.0
60012162,7.0
60026169,7.0
126681726,7.0
60033178,7.0
108290178,7.0
114159087,7.0
60024417,7.0
60008961,7.0
126209138,7.0
60021398,7.0
60030302,7.0
60026810,7.0
60070034,7.0
116312259,7.0
60105300,7.0
106228429,7.0
123344971,7.0
60025812,7.0
126197562,7.0
60092863,7.0
126665228,7.0
60117937,7.0
126477735,7.0
108386051,7.0
60021508,7.0
60004350,7.0
60022598,7.0
60273004,7.0
60129232,7.0
125079062,7.0
60102085,7.0
124037823,7.0
127121563,7.0
127023063,7.0
127022980,7.0
127023304,7.0
60030342,7.0
112934293,7.0
60019316,7.0
60105068,7.0
100708414,7.0
60079992,7.0
60024728,7.0
60099341,7.0
60017244,7.0
127397868,7.0
124234388,7.0
117807801,7.0
60021542,7.0
60103927,7.0
60024681,7.0
127982044,7.0
127981470,7.0
60012627,7.0
127982574,7.0
60019963,7.0
120012180,7.0
60001170,7.0
122111947,7.0
60027062,7.0
60093698,7.0
118496672,7.0
60104375,7.0
60117611,7.0
120302478,7.0
106402940,7.0
60105478,7.0
60119390,7.0
115282655,7.0
60032991,7.0
124378982,7.0
60103633,7.0
60014724,6.0
126588078,6.0
60031138,6.0
60112305,6.0
112086644,6.0
60033774,6.0
123221075,6.0
60005661,6.0
115060705,6.0
60116079,6.0
60021397,6.0
60028269,6.0
60024712,6.0
60017910,6.0
60069377,6.0
60009841,6.0
128990550,6.0
60026633,6.0
60007740,6.0
60019513,6.0
60112132,6.0
60032760,6.0
122850461,6.0
60172563,6.0
60014423,6.0
100347871,6.0
60007816,6.0
60176024,6.0
60006477,6.0
126446395,6.0
60032971,6.0
60027950,6.0
60121329,6.0
60014383,6.0
60024154,6.0
60073460,6.0
60077036,6.0
126979106,6.0
127007711,6.0
127222671,6.0
60014277,6.0
60085217,6.0
106587665,6.0
60028192,6.0
126597826,6.0
60000592,6.0
123829201,6.0
126504812,6.0
108718887,6.0
60194680,6.0
60026281,6.0
60105518,6.0
60003013,6.0
60023529,6.0
60273948,6.0
60273975,6.0
60029258,6.0
114883232,6.0
60003439,6.0
123807957,6.0
60022990,6.0
60002787,6.0
60011087,6.0
100404916,6.0
60072236,6.0
126254019,6.0
60103754,6.0
126924381,6.0
60017294,6.0
60023020,6.0
100322119,6.0
60071174,6.0
60004490,6.0
60032275,6.0
60078085,6.0
126920150,6.0
123934056,6.0
124034624,6.0
60017272,6.0
60025626,6.0
60272390,6.0
121356719,6.0
125745486,6.0
125745338,6.0
120310687,6.0
60070001,6.0
60003518,6.0
60023383,6.0
125727582,6.0
60091190,6.0
60160273,6.0
124242945,6.0
60025209,6.0
123669124,6.0
60277676,6.0
60005993,6.0
60109851,6.0
60029740,6.0
60274154,6.0
60273876,6.0
60273137,6.0
113212628,6.0
60025288,6.0
101492910,6.0
60068755,6.0
127800607,6.0
125225796,6.0
60011170,6.0
125853874,6.0
60107202,6.0
60007313,5.0
123957584,5.0
121112095,5.0
125493169,5.0
60277579,5.0
123493606,5.0
101404941,5.0
60014151,5.0
60190740,5.0
60084724,5.0
60030844,5.0
60104924,5.0
60082961,5.0
112471367,5.0
60110334,5.0
124461591,5.0
60022559,5.0
60016251,5.0
127905268,5.0
116476673,5.0
60029304,5.0
60022758,5.0
123295343,5.0
60024941,5.0
60019544,5.0
60025187,5.0
60112262,5.0
60106938,5.0
60136288,5.0
60028711,5.0
125590156,5.0
60015941,5.0
127244776,5.0
125409641,5.0
117156180,5.0
60031024,5.0
60025457,5.0
126069155,5.0
112772365,5.0
60008117,5.0
127185765,5.0
60015404,5.0
100951033,5.0
60082180,5.0
60009465,5.0
60012641,5.0
113771631,5.0
60005783,5.0
129286045,5.0
129035847,5.0
60118023,5.0
124654923,5.0
60070651,5.0
110275186,5.0
60064025,5.0
122754928,5.0
60104395,5.0
112913517,5.0
60130029,5.0
112850691,5.0
60033065,5.0
60002064,5.0
60032897,5.0
60017983,5.0
60089151,5.0
123959722,5.0
60007511,5.0
124815219,5.0
127692342,5.0
60007033,5.0
60008609,5.0
112682265,5.0
60261221,5.0
60084612,5.0
60072734,5.0
60024451,5.0
60006101,5.0
126208410,5.0
127014161,5.0
114461026,5.0
119853371,5.0
60009754,5.0
60086620,5.0
60016646,5.0
60104498,5.0
60016908,5.0
60011411,5.0
116667060,5.0
60126534,5.0
60011442,5.0
60013894,5.0
60027835,5.0
125567599,5.0
60018297,5.0
125568548,5.0
60113104,5.0
100390914,5.0
60026161,5.0
60069382,5.0
109091155,5.0
123294818,5.0
60032356,5.0
120590964,5.0
60008132,5.0
114743505,5.0
60017722,5.0
60026444,5.0
120183503,5.0
60101360,5.0
60059987,5.0
60010499,5.0
60079242,5.0
60018938,5.0
60023131,5.0
60091006,5.0
60069388,5.0
120310324,5.0
123373882,5.0
60073712,5.0
60068917,4.0
60092795,4.0
100328974,4.0
60017474,4.0
60015862,4.0
60027627,4.0
60109689,4.0
60275751,4.0
60088409,4.0
60103621,4.0
60083513,4.0
60071625,4.0
60034160,4.0
123444108,4.0
60117141,4.0
60021858,4.0
120590904,4.0
60025497,4.0
60041509,4.0
112429654,4.0
107126874,4.0
126542470,4.0
60006754,4.0
60030948,4.0
60020420,4.0
60056455,4.0
60008555,4.0
60115718,4.0
60015431,4.0
60006667,4.0
60000401,4.0
60071109,4.0
60108877,4.0
122105732,4.0
60008991,4.0
60116737,4.0
60052106,4.0
60015043,4.0
60023084,4.0
112960968,4.0
60027629,4.0
60010914,4.0
60109839,4.0
60010939,4.0
60221163,4.0
60104698,4.0
115019118,4.0
60025965,4.0
60012392,4.0
60004510,4.0
60027663,4.0
60024666,4.0
60012636,4.0
123171622,4.0
60091230,4.0
60022319,4.0
60267250,4.0
100636034,4.0
116655003,4.0
60071368,4.0
60028088,4.0
60117845,4.0
60117180,4.0
60106886,4.0
60031955,4.0
124967820,4.0
128002843,4.0
60080101,4.0
101273032,4.0
60006935,4.0
60005614,4.0
101643660,4.0
60004572,4.0
128205053,4.0
60006270,4.0
128686033,4.0
129047751,4.0
60018894,4.0
60026275,4.0
60103980,4.0
60104655,4.0
118727483,4.0
60019376,4.0
106040847,4.0
106274900,4.0
112137235,4.0
60004598,4.0
60021623,4.0
102054922,4.0
60019764,4.0
115933268,4.0
60074723,4.0
117845319,4.0
60026786,4.0
109481089,4.0
112571793,4.0
60028375,4.0
126000538,4.0
60112684,4.0
108065914,4.0
60007011,4.0
116190012,4.0
117363558,4.0
129282307,4.0
60272237,4.0
60009060,4.0
119667542,4.0
122484724,4.0
128189950,4.0
116670249,4.0
128474100,4.0
129007796,4.0
129008045,4.0
129007869,4.0
60029441,4.0
60193874,4.0
118734928,4.0
125002721,4.0
127697907,4.0
60033432,4.0
107772594,4.0
60000705,4.0
60033114,4.0
126483352,3.0
60111799,3.0
60018989,3.0
60024948,3.0
60079968,3.0
125686048,3.0
60004092,3.0
60002970,3.0
117890670,3.0
125122077,3.0
60084653,3.0
60000961,3.0
60017028,3.0
60113653,3.0
60003641,3.0
60008786,3.0
60020730,3.0
60103670,3.0
126364548,3.0
60108922,3.0
60017989,3.0
60128181,3.0
60031805,3.0
60021136,3.0
60001430,3.0
60002864,3.0
60029442,3.0
60005405,3.0
60001737,3.0
60018783,3.0
60027271,3.0
60002877,3.0
60084411,3.0
60105176,3.0
60101396,3.0
128186714,3.0
60010875,3.0
60104453,3.0
60107479,3.0
60010955,3.0
60172345,3.0
126076176,3.0
60272451,3.0
122290870,3.0
116892833,3.0
114559887,3.0
60239692,3.0
60024295,3.0
60021143,3.0
124648647,3.0
116759772,3.0
101469212,3.0
127073203,3.0
60027762,3.0
60017665,3.0
60028423,3.0
124704993,3.0
124704966,3.0
101663488,3.0
124704934,3.0
120629841,3.0
124704752,3.0
124704880,3.0
60000243,3.0
123864584,3.0
60010177,3.0
60089978,3.0
60003217,3.0
128952097,3.0
125786671,3.0
60015017,3.0
120605998,3.0
60014157,3.0
60118489,3.0
114577178,3.0
60019518,3.0
119670085,3.0
60111720,3.0
60104795,3.0
60106513,3.0
60061261,3.0
60102073,3.0
101601589,3.0
60082737,3.0
127168096,3.0
128176976,3.0
126343289,3.0
60016618,3.0
60180342,3.0
120812179,3.0
128262782,3.0
128296722,3.0
126504433,3.0
60031454,3.0
128330800,3.0
60114072,3.0
60011666,3.0
126291497,3.0
60035791,3.0
60061893,3.0
60008710,3.0
60000912,3.0
119205215,3.0
127146758,3.0
127618851,3.0
60031682,3.0
60100082,3.0
60029885,3.0
117640433,3.0
60029849,3.0
60114554,3.0
60017757,3.0
60020609,3.0
60103284,3.0
60005189,3.0
60108795,3.0
60072842,3.0
60055833,3.0
60054919,3.0
60074055,3.0
122740426,3.0
60025200,3.0
60001565,3.0
114302803,3.0
120093562,3.0
100373309,3.0
60017774,3.0
100326631,3.0
60093581,3.0
120471166,3.0
60086700,3.0
60025475,3.0
60016835,3.0
60073673,3.0
60031674,3.0
120299098,3.0
123361119,3.0
100763450,3.0
60092945,3.0
60095599,3.0
60028179,3.0
60072230,3.0
127245013,3.0
60014340,3.0
60100989,3.0
60017717,3.0
60107782,2.0
60104289,2.0
126037545,2.0
60003579,2.0
127898783,2.0
60052453,2.0
125070440,2.0
60019812,2.0
60103680,2.0
60017761,2.0
112871493,2.0
60019600,2.0
116917852,2.0
123481045,2.0
113828902,2.0
60000499,2.0
60199405,2.0
60014992,2.0
60068684,2.0
60002049,2.0
60089707,2.0
60131217,2.0
60010591,2.0
60018475,2.0
60006163,2.0
60019987,2.0
120975049,2.0
60026055,2.0
60070317,2.0
60159371,2.0
60057297,2.0
60190569,2.0
60071082,2.0
60103651,2.0
127165368,2.0
127374275,2.0
121661189,2.0
121517736,2.0
60030326,2.0
60003942,2.0
60013649,2.0
123988010,2.0
122515909,2.0
126017443,2.0
60027331,2.0
60120766,2.0
60019839,2.0
60058499,2.0
60101665,2.0
60004778,2.0
60072078,2.0
116988645,2.0
106142851,2.0
60060517,2.0
60006137,2.0
113176234,2.0
60026158,2.0
105207503,2.0
108718754,2.0
60159447,2.0
60080765,2.0
60026496,2.0
60009463,2.0
110099297,2.0
60012267,2.0
127771959,2.0
128743175,2.0
60000248,2.0
126678589,2.0
128490765,2.0
127191255,2.0
60109884,2.0
126140986,2.0
126142433,2.0
60012387,2.0
100979664,2.0
60097412,2.0
126586146,2.0
60068719,2.0
129095470,2.0
60045003,2.0
60034410,2.0
60002366,2.0
60109514,2.0
60022123,2.0
60271834,2.0
60235462,2.0
60003709,2.0
122934575,2.0
60097652,2.0
60007998,2.0
60008386,2.0
125897818,2.0
60088571,2.0
126261911,2.0
60114851,2.0
60042800,2.0
121161375,2.0
60064180,2.0
122484891,2.0
60118886,2.0
60032361,2.0
60026979,2.0
60000015,2.0
60005038,2.0
60008235,2.0
60008060,2.0
125993741,2.0
106379491,2.0
125785800,2.0
60090652,2.0
60108684,2.0
60129287,2.0
60102127,2.0
114913177,2.0
128120083,2.0
60268209,2.0
127372767,2.0
60069493,2.0
60023345,2.0
60009167,2.0
60261354,2.0
60004691,2.0
60009056,2.0
128328072,2.0
128176724,2.0
60116770,2.0
60070926,2.0
60030364,2.0
109080273,2.0
60071540,2.0
60011116,2.0
60141076,2.0
101558468,1.0
60073834,1.0
60083112,1.0
60001890,1.0
60231913,1.0
60110807,1.0
60069620,1.0
60032530,1.0
123824911,1.0
112795834,1.0
60019404,1.0
122920149,1.0
129120737,1.0
128983710,1.0
121753569,1.0
127123399,1.0
60105596,1.0
60112103,1.0
114817623,1.0
60001282,1.0
60031769,1.0
60123042,1.0
60072562,1.0
60024653,1.0
60008935,1.0
60021158,1.0
112865662,1.0
60002445,1.0
109710589,1.0
113056842,1.0
60071533,1.0
60002823,1.0
60104176,1.0
127423575,1.0
60113282,1.0
60014096,1.0
128160774,1.0
128561211,1.0
60071594,1.0
60112340,1.0
60060454,1.0
60088347,1.0
109930692,1.0
128828564,1.0
60029257,1.0
128440655,1.0
60004148,1.0
60216392,1.0
126185989,1.0
60001784,1.0
60066812,1.0
60055696,1.0
60022956,1.0
60001741,1.0
60017323,1.0
60117616,1.0
60121793,1.0
60012370,1.0
127175790,1.0
127175389,1.0
60002798,1.0
60081484,1.0
60019519,1.0
60015390,1.0
60008691,1.0
60012178,1.0
60275288,1.0
100450017,1.0
128306160,1.0
125186806,1.0
60010694,1.0
60000885,1.0
60083515,1.0
100799287,1.0
122369911,1.0
60010752,1.0
124572778,1.0
60112782,1.0
125930351,1.0
116732748,1.0
60073471,1.0
60011460,1.0
60004400,1.0
114606793,1.0
60170219,1.0
112724609,1.0
60010844,1.0
60016004,1.0
60032204,1.0
60032982,1.0
60001458,1.0
60014396,1.0
124704827,1.0
128951971,1.0
128952062,1.0
60027299,1.0
60004739,1.0
100630860,1.0
60010934,1.0
108798388,1.0
60105228,1.0
60010503,1.0
60022175,1.0
124593139,1.0
60104199,1.0
112541269,1.0
60104544,1.0
60008143,1.0
126477900,1.0
60202990,1.0
101030968,1.0
60116560,1.0
100393618,1.0
60015161,1.0
125988766,1.0
60071031,1.0
100376225,1.0
60077843,1.0
60023146,1.0
128919909,1.0
60107631,1.0
126187003,1.0
60115142,1.0
60071160,1.0
60030622,1.0
60005630,1.0
60107195,1.0
60121761,1.0
60005341,1.0
121043949,1.0
100436018,1.0
60073683,1.0
127163734,1.0
105468544,1.0
60027866,1.0
60105222,1.0
60020224,1.0
60021361,1.0
60084257,1.0
60028541,1.0
60108743,1.0
60020457,1.0
112776262,1.0
60010432,1.0
121977409,1.0
60003593,1.0
60024232,1.0
60072255,1.0
112962573,1.0
101223817,1.0
60008809,1.0
60032144,1.0
118430292,1.0
60003733,1.0
60010953,1.0
60025960,1.0
60029278,1.0
60022562,1.0
60068861,1.0
60031298,1.0
60033059,1.0
60275530,1.0
60094047,1.0
60027523,1.0
60107546,1.0
129517234,1.0
126182706,1.0
60182613,1.0
129147403,1.0
60018768,1.0
122376529,1.0
60138851,1.0
129780165,1.0
126564439,1.0
113377258,1.0
100311960,1.0
60013008,1.0
60021842,1.0
60000952,1.0
60025390,1.0
60000722,1.0
112918358,1.0
120333940,1.0
128750307,1.0
126442218,1.0
60030052,1.0
60118343,1.0
105464428,1.0
125388060,1.0
109679580,1.0
60113949,1.0
60114077,1.0
60008157,1.0
60010859,1.0
109512058,1.0
60019135,1.0
60072202,1.0
127828078,1.0
60010475,1.0
60093250,1.0
60000827,1.0
60001656,1.0
60009064,1.0
60030856,0.0
60032259,0.0
60032086,0.0
128131440,0.0
112758859,0.0
60015564,0.0
60016896,0.0
60069059,0.0
60010589,0.0
60072448,0.0
126155953,0.0
60025233,0.0
60159595,0.0
60014923,0.0
60071431,0.0
60071464,0.0
60025997,0.0
60087582,0.0
60101349,0.0
60138766,0.0
122813877,0.0
127379572,0.0
60071317,0.0
127255716,0.0
60060524,0.0
60274042,0.0
60018718,0.0
128149696,0.0
126587454,0.0
60012090,0.0
60014261,0.0
126571647,0.0
112899003,0.0
60088563,0.0
60126081,0.0
60007056,0.0
60000360,0.0
60004773,0.0
60138422,0.0
60002714,0.0
127572545,0.0
129839344,0.0
60010603,0.0
60024053,0.0
60106782,0.0
60244516,0.0
60104441,0.0
60103570,0.0
60029386,0.0
60069442,0.0
60084947,0.0
60030451,0.0
60014975,0.0
60008291,0.0
128961204,0.0
60103918,0.0
60024050,0.0
128568102,0.0
60009425,0.0
60071953,0.0
60072118,0.0
60002281,0.0
60025907,0.0
60004211,0.0
60000434,0.0
60027841,0.0
128933990,0.0
60021335,0.0
126561693,0.0
60016418,0.0
60031813,0.0
60082135,0.0
60029714,0.0
60024793,0.0
60017539,0.0
60025984,0.0
60017818,0.0
122254890,0.0
105512587,0.0
117075383,0.0
60032758,0.0
114492942,0.0
60172346,0.0
126273673,0.0
128552884,0.0
60100561,0.0
60028109,0.0
60011313,0.0
60117186,0.0
60102082,0.0
60003763,0.0
60017837,0.0
60122270,0.0
106376889,0.0
128486062,0.0
60071847,0.0
128065861,0.0
129219911,0.0
127837031,0.0
113864742,0.0
112993111,0.0
60189515,0.0
127076651,0.0
60059937,0.0
127580395,0.0
122200146,0.0
60021648,0.0
60069555,0.0
60071559,0.0
60016218,0.0
129832491,0.0
60017970,0.0
60016569,0.0
60202520,0.0
60017136,0.0
100484751,0.0
129043303,0.0
128994341,0.0
60017292,0.0
60005881,0.0
60120734,0.0
124562501,0.0
60138946,0.0
60001644,0.0
122365407,0.0
60021726,0.0
129694129,0.0
129674421,0.0
60088457,0.0
114075717,0.0
60114181,0.0
60020256,0.0
60243231,0.0
126344055,0.0
129483861,0.0
123503351,0.0
115740067,0.0
60120910,0.0
106722772,0.0
60087559,0.0
127752065,0.0
60007655,0.0
128434366,0.0
126205383,0.0
60082670,0.0
129476721,0.0
60116702,0.0
60003674,0.0
129427461,0.0
123141560,0.0
60082181,0.0
60004853,0.0
60109685,0.0
128502156,0.0
121371755,0.0
127743035,0.0
60118641,0.0
100865439,0.0
60000590,0.0
123016713,0.0
60006051,0.0
60085742,0.0
60072059,0.0
60106649,0.0
60090286,0.0
129159979,0.0
127279315,0.0
60017694,0.0
60029140,0.0
60027018,0.0
60017511,0.0
60004879,0.0
113768692,0.0
60101646,0.0
129126197,0.0
124202643,0.0
60273899,0.0
126140920,0.0
100571673,0.0
129008077,0.0
60123291,0.0
107949474,0.0
123630907,0.0
118664216,0.0
60031206,0.0
60070927,0.0
60080824,0.0
116585649,0.0
60023517,0.0
60116768,0.0
60006082,0.0
112631184,0.0
60009415,0.0
60104678,0.0
127727949,0.0
60019354,0.0
60000934,0.0
127927327,0.0
109640173,0.0
112874802,0.0
60003736,0.0
60031014,0.0
60113122,0.0
109898977,0.0
60169179,0.0
60016653,0.0
60026271,0.0
60271667,0.0
128456535,0.0
60100457,0.0
110135441,0.0
60275166,0.0
60216991,0.0
60073624,0.0
60025779,0.0
60006225,0.0
60031335,0.0
60107241,0.0
60031998,0.0
114602190,0.0
108249166,0.0
60068878,0.0
60068872,0.0
129408410,0.0
128148976,0.0
60022008,0.0
60031146,0.0
60107197,0.0
124622399,0.0
60068696,0.0
100351726,0.0
60011653,0.0
60010382,0.0
60015706,0.0
60113549,0.0
60083463,0.0
60073607,0.0
60002397,0.0
60091164,0.0
60105146,0.0
60009806,0.0
60090616,0.0
60102087,0.0
60021588,0.0
60067711,0.0
101824548,0.0
60001086,0.0
60001104,0.0
112585242,0.0
60000356,0.0
60103462,0.0
60027470,0.0
129677404,0.0
126186244,0.0
113425178,0.0
60010710,0.0
60108865,0.0
60021097,0.0
100502897,0.0
60011226,0.0
127647701,0.0
60000189,0.0
60106364,0.0
125922153,0.0
125033321,0.0
115119184,0.0
60028134,0.0
117499725,0.0
60017483,0.0
128091142,0.0
100500574,0.0
60111051,0.0
60029937,0.0
105431100,0.0
126291835,0.0
129188376,0.0
101696674,0.0
112055534,0.0
60096984,0.0
60074394,0.0
60108554,0.0
60008877,0.0
60171663,0.0
60087293,0.0
116462120,0.0
60104777,0.0
60000473,0.0
60071256,0.0
109703537,0.0
60033125,0.0
117016219,0.0
126441728,0.0
60070707,0.0
122697499,0.0
60071254,0.0
60071236,0.0
60109511,0.0
117693535,0.0
126654074,0.0
60006961,0.0
112224556,0.0
60009424,0.0
60050751,0.0
60002929,0.0
60027946,0.0
60018153,0.0
60003127,0.0
60031948,0.0
129016813,0.0
60129243,0.0
60105587,0.0
128615234,0.0
123988422,0.0
123993979,0.0
60105796,0.0
60019330,0.0
123262139,0.0
60104576,0.0
60029987,0.0
112771856,0.0
118511435,0.0
60045061,0.0
60110840,0.0
60092443,0.0
112942199,0.0
60004026,0.0
60010548,0.0
60104720,0.0
60008854,0.0
113046464,0.0
126920004,0.0
60001319,0.0
128581155,0.0
60072070,0.0
60011638,0.0
60071257,0.0
60095509,0.0
112536459,0.0
60032398,0.0
60048717,0.0
128306868,0.0
60016910,0.0
60011075,0.0
60106328,0.0
60082511,0.0
60122752,0.0
